RideID,CusID,DrvID,Distance,Fare
R_9564,1,41,92.84934033152847,1114192.0839783417
R_2829,10,38,10.295630140987,123547.561691844
R_4917,1,41,46.51881339845203,558225.7607814244
R_1978,10,38,5.0990195135927845,61188.23416311341
R_3861,1,41,29.068883707497267,348826.6044899672
R_3400,1,41,43.93176527297759,527181.1832757312
R_9978,10,38,64.07807737440318,768936.9284928382
R_7336,1,41,14085.635306935928,1.6902762368323115E8
R_1631,1,41,60.03332407921454,720399.8889505744
